,store_id,store_type,store_brand,store_name,store_addr,store_geo_lat,store_geo_lng
0,-,토스트,이삭토스트,이삭토스트 강남점,서울 서초구 서초대로74길 23,37.4956119342423,127.027090955824
0,-,토스트,이삭토스트,이삭토스트 신사역점,서울 강남구 강남대로 594,37.5147931715982,127.020329608826
0,-,토스트,이삭토스트,이삭토스트 구로디지털단지점,서울 구로구 시흥대로163길 33,37.48200020873,126.898099733933
0,-,토스트,이삭토스트,이삭토스트 서울홍대점,서울 마포구 와우산로 93,37.5527658366683,126.923975017598
0,-,토스트,이삭토스트,이삭토스트 양재역점,서울 강남구 남부순환로361길 7,37.4855719348865,127.037279154327
0,-,토스트,이삭토스트,이삭토스트 서울발산점,서울 강서구 강서로47길 29,37.552699288436,126.834503906507
0,-,토스트,이삭토스트,이삭토스트 서울신촌점,서울 서대문구 연세로5길 32,37.5563637264718,126.935363643304
0,-,토스트,이삭토스트,이삭토스트 마포성산점,서울 마포구 성미산로 39,37.5590482171589,126.912397123849
0,-,토스트,이삭토스트,이삭토스트 광흥창역점,서울 마포구 독막로 184,37.547249550785,126.933988800229
0,-,토스트,이삭토스트,이삭토스트 삼전동점,서울 송파구 백제고분로32길 6-1,37.5018510921064,127.094995919352
0,-,토스트,이삭토스트,이삭토스트 서울대입구역점,서울 관악구 관악로 184,37.4815212275092,126.95322725345
0,-,토스트,이삭토스트,이삭토스트 서울방학점,서울 도봉구 방학로 172,37.6625747401152,127.033207955109
0,-,토스트,이삭토스트,이삭토스트 서울미성점,서울 관악구 난곡로 287,37.4796289188176,126.914684846971
0,-,토스트,이삭토스트,이삭토스트 수유역점,서울 강북구 오패산로 413,37.6374380944199,127.026152712658
0,-,토스트,이삭토스트,이삭토스트 논현역점,서울 서초구 사평대로55길 82-14,37.5078339161083,127.021777455614
0,-,토스트,이삭토스트,이삭토스트 신대방삼거리역점,서울 동작구 국사봉1길 7,37.4990061430466,126.928944136335
0,-,토스트,이삭토스트,이삭토스트 응암이마트점,서울 은평구 은평로 96,37.5994303281973,126.918464074709
0,-,토스트,이삭토스트,이삭토스트 돈암1동점,서울 성북구 북악산로 867,37.5986059714218,127.020641942319
0,-,토스트,이삭토스트,이삭토스트 영등포점,서울 영등포구 영신로19길 17,37.5138338679699,126.905961531526
0,-,토스트,이삭토스트,이삭토스트 서울목동역점,서울 양천구 목동로 210,37.5273834294204,126.864447323512
0,-,토스트,이삭토스트,이삭토스트 명일점,서울 강동구 동남로71길 38,37.5520423388557,127.154068058218
0,-,토스트,이삭토스트,이삭토스트 강동성심병원점,서울 강동구 성안로 155,37.5372361473065,127.134759480647
0,-,토스트,이삭토스트,이삭토스트 신월뉴타운점,서울 양천구 신월로 175,37.5188434986601,126.842539608321
0,-,토스트,이삭토스트,이삭토스트 서울신당점,서울 중구 퇴계로 377,37.5652510523737,127.013483882504
0,-,토스트,이삭토스트,이삭토스트 용산전자상가점,서울 용산구 새창로 159,37.5336944405722,126.962816155688
0,-,토스트,이삭토스트,이삭토스트 종로3가점,서울 종로구 수표로 98,37.5699389749543,126.989598711903
0,-,토스트,이삭토스트,이삭토스트 장안현대점,서울 동대문구 답십리로 304,37.5718142300157,127.07421868195
0,-,토스트,이삭토스트,이삭토스트 행당점,서울 성동구 행당로 119,37.5582742843305,127.032102835563
0,-,토스트,이삭토스트,이삭토스트 노원역점,서울 노원구 상계로1길 24,37.6572155002238,127.06170339001
0,-,토스트,이삭토스트,이삭토스트 신림9동서울대점,서울 관악구 대학길 21,37.4697688483702,126.938023708853
0,-,토스트,이삭토스트,이삭토스트 서울천왕역점,서울 구로구 오리로 1149,37.4866023608152,126.83824746314
0,-,토스트,이삭토스트,이삭토스트 신설동역점,서울 종로구 종로 393,37.5748472968079,127.020834958933
0,-,토스트,이삭토스트,이삭토스트 서초역점,서울 서초구 반포대로27길 23,37.4897312592901,127.006940151402
0,-,토스트,이삭토스트,이삭토스트 공릉점,서울 노원구 공릉로 196,37.6272726543981,127.078783100841
0,-,토스트,이삭토스트,이삭토스트 등촌2호점,서울 강서구 공항대로41길 66,37.5606317523438,126.846579308762
0,-,토스트,이삭토스트,이삭토스트 건대로데오점,서울 광진구 아차산로30길 8,37.5404002389743,127.067613370282
0,-,토스트,이삭토스트,이삭토스트 서울종암점,서울 성북구 종암동 132,37.6019639910993,127.03348913167
0,-,토스트,이삭토스트,이삭토스트 구로3동점,서울 구로구 도림로20길 18,37.488977254588,126.892409245918
0,-,토스트,이삭토스트,이삭토스트 문정로데오점,서울 송파구 동남로 99,37.4897427415779,127.122496940127
0,-,토스트,이삭토스트,이삭토스트 서울신정여상점,서울 강서구 등촌로13바길 34,37.5362550126693,126.857832806615
0,-,토스트,이삭토스트,이삭토스트 등촌아이파크점,서울 강서구 등촌로39길 6,37.5455964264029,126.862039949824
0,-,토스트,이삭토스트,이삭토스트 서울신정점,서울 양천구 은행정로 15,37.5210363682361,126.859702848832
0,-,토스트,이삭토스트,이삭토스트 잠실역점,서울 송파구 올림픽로 269,37.5144273491608,127.100611434725
0,-,토스트,이삭토스트,이삭토스트 서울고려대점,서울 성북구 고려대로24길 39,37.5844109223496,127.029576519215
0,-,토스트,이삭토스트,이삭토스트 서울서초구청점,서울 서초구 남부순환로347길 13,37.4849669177093,127.031688484376
0,-,토스트,이삭토스트,이삭토스트 자양사거리점,서울 광진구 자양로 93,37.5359845443844,127.083500106624
0,-,토스트,이삭토스트,이삭토스트 서울충무로역점,서울 중구 퇴계로 195,37.5613556491509,126.993580866123
0,-,토스트,이삭토스트,이삭토스트 한남점,서울 용산구 대사관로 72,37.5330952126175,127.005947068599
0,-,토스트,이삭토스트,이삭토스트 까치산역점,서울 강서구 강서로 47,37.5319605060512,126.846339260429
0,-,토스트,이삭토스트,이삭토스트 영등포구청점,서울 영등포구 당산로 126,37.5258550411591,126.89688676661
0,-,토스트,이삭토스트,이삭토스트 녹번역점,서울 은평구 은평로 228,37.6008917781854,126.932835058613
0,-,토스트,이삭토스트,이삭토스트 창천2호점,서울 서대문구 신촌로 9,37.5585323394548,126.928047528407
0,-,토스트,이삭토스트,이삭토스트 서울망원시장점,서울 마포구 망원로8길 17,37.5567384723304,126.906132407486
0,-,토스트,이삭토스트,이삭토스트 중곡점,서울 광진구 면목로 170,37.5682476943494,127.082679805984
0,-,토스트,이삭토스트,이삭토스트 목3동점,서울 양천구 목동중앙북로7길 6,37.5482744819814,126.867243541452
0,-,토스트,이삭토스트,이삭토스트 상봉이마트점,서울 중랑구 망우로60길 37,37.5971024399369,127.094238280931
0,-,토스트,이삭토스트,이삭토스트 마포염리점,서울 마포구 백범로 138,37.5458613172953,126.946106508154
0,-,토스트,이삭토스트,이삭토스트 서소문점,서울 중구 서소문로11길 14,37.5635243309614,126.973055494737
0,-,토스트,이삭토스트,이삭토스트 대치점,서울 강남구 대치동 930-16,37.4998784459275,127.058859544038
0,-,토스트,이삭토스트,이삭토스트 서울중랑역점,서울 중랑구 망우로 203,37.5939956436071,127.075008982696
0,-,토스트,이삭토스트,이삭토스트 이수역점,서울 동작구 동작대로25길 40,37.4855239035183,126.980229304284
0,-,토스트,이삭토스트,이삭토스트 서울삼양점,서울 강북구 솔샘로 213-2,37.6202164047082,127.01648688841
0,-,토스트,이삭토스트,이삭토스트 서울메가스터디타워점,서울 동작구 노량진로 140,37.512756878817,126.941700638806
0,-,토스트,이삭토스트,이삭토스트 숭실대점,서울 동작구 사당로 6-1,37.4953443411278,126.955168743353
0,-,토스트,이삭토스트,이삭토스트 보라매점,서울 관악구 보라매로 32,37.4922822686888,126.926986342329
0,-,토스트,이삭토스트,이삭토스트 서울전농사거리점,서울 동대문구 사가정로 136,37.577593600245,127.059888015776
0,-,토스트,이삭토스트,이삭토스트 개화산역점,서울 강서구 양천로14길 78,37.5698404254444,126.808886975346
0,-,토스트,이삭토스트,이삭토스트 창동역서부점,서울 도봉구 노해로65길 11,37.6518116535822,127.046193194873
0,-,토스트,이삭토스트,이삭토스트 증산역점,서울 서대문구 증가로 260,37.5838903814972,126.911461158617
0,-,토스트,이삭토스트,이삭토스트 여의도KBS별관점,서울 영등포구 여의대방로 383,37.5193436883433,126.931504190261
0,-,토스트,이삭토스트,이삭토스트 이화여대점,서울 서대문구 이화여대7길 15,37.5586526301835,126.944793483859
0,-,토스트,이삭토스트,이삭토스트 을지로4가역점,서울 중구 을지로33길 20,37.5672966316881,126.999494714109
0,-,토스트,이삭토스트,이삭토스트 서울명지대점,서울 서대문구 거북골로 39,37.5791427712657,126.923573936896
0,-,토스트,이삭토스트,이삭토스트 동서울터미널점,서울 광진구 강변역로4길 10,37.5353492183772,127.093405063055
0,-,토스트,이삭토스트,이삭토스트 신길역점,서울 영등포구 도신로 231,37.5123416071012,126.91674193706
0,-,토스트,이삭토스트,이삭토스트 석계역점,서울 노원구 석계로3길 21,37.6159688881465,127.063505656195
0,-,토스트,이삭토스트,이삭토스트 방배동점,서울 서초구 방배로 113,37.4841777479071,126.995614970299
0,-,토스트,이삭토스트,이삭토스트 방이역점,서울 송파구 마천로 24,37.5094733497482,127.123596310574
0,-,토스트,이삭토스트,이삭토스트 서울명동성당점,서울 중구 명동10길 17-1,37.5630033943749,126.985481447722
0,-,토스트,이삭토스트,이삭토스트 송파일신여상점,서울 송파구 송파대로38길 3,37.500764359582,127.112093521037
0,-,토스트,이삭토스트,이삭토스트 선유도역점,서울 영등포구 양평로22길 8,37.5383383523628,126.894579022467
0,-,토스트,이삭토스트,이삭토스트 당산역점,서울 영등포구 양평로 36,37.5338214668231,126.902671201859
0,-,토스트,이삭토스트,이삭토스트 양천구청점,서울 양천구 목동서로 389,37.5157806966376,126.861199902538
0,-,토스트,이삭토스트,이삭토스트 경복궁역점,서울 종로구 자하문로 11,37.5770321930697,126.972105810775
0,-,토스트,이삭토스트,이삭토스트 연신내점,서울 은평구 연서로 284,37.6210233256623,126.925957725279
0,-,토스트,이삭토스트,이삭토스트 서울성균관대점,서울 종로구 성균관로 18,37.5844061348081,126.997641346393
0,-,토스트,이삭토스트,이삭토스트 서울명동점,서울 중구 퇴계로 105,37.5608666855169,126.983461911144
0,-,토스트,이삭토스트,이삭토스트 서울동국대점,서울 중구 서애로 12-6,37.5614427518667,126.997940079827
0,-,토스트,이삭토스트,이삭토스트 사가정역점,서울 중랑구 면목로48길 36,37.5820278026407,127.090617613781
0,-,토스트,이삭토스트,이삭토스트 성수2가점,서울 성동구 광나루로6길 35,37.5467997268051,127.063296654148
0,-,토스트,이삭토스트,이삭토스트 광화문점,서울 종로구 세종대로23길 5,37.5715606063144,126.976094449357
0,-,토스트,이삭토스트,이삭토스트 숙명여대점,서울 용산구 청파로47길 58,37.5449239193117,126.967225077061
0,-,토스트,이삭토스트,이삭토스트 경희대점,서울 동대문구 경희대로 9-1,37.5925612891452,127.052230292891
0,-,토스트,이삭토스트,이삭토스트 가든파이브점,서울 송파구 충민로 66,37.4776148442516,127.124961768886
0,-,토스트,이삭토스트,이삭토스트 효창공원앞역점,서울 용산구 백범로 293,37.539326569935,126.961890742234
0,-,토스트,이삭토스트,이삭토스트 마포용강점,서울 마포구 큰우물로 52,37.5420529455033,126.944298800043
0,-,토스트,이삭토스트,이삭토스트 송파풍납점,서울 송파구 토성로 65,37.5289079557842,127.117345632021
0,-,토스트,이삭토스트,이삭토스트 송파도서관점,서울 송파구 동남로 278,37.5002905468006,127.136787821413
0,-,토스트,이삭토스트,이삭토스트 양평하이팰리스점,서울 영등포구 선유서로 67,37.5220933827385,126.884455098241
0,-,토스트,이삭토스트,이삭토스트 서울하계점,서울 노원구 노원로 254,37.6401995025443,127.073542266381
0,-,토스트,이삭토스트,이삭토스트 낙성대점,서울 관악구 남부순환로 1949,37.47654136398,126.965598040526
0,-,토스트,이삭토스트,이삭토스트 태릉입구역점,서울 노원구 동일로 986,37.6182161017816,127.07591204414
0,-,토스트,이삭토스트,이삭토스트 서울갈현점,서울 은평구 갈현로29길 1,37.6191646173973,126.915035032072
0,-,토스트,이삭토스트,이삭토스트 미림여고점,서울 관악구 호암로 534,37.4652884835693,126.931655155866
0,-,토스트,이삭토스트,이삭토스트 서울구산점,서울 은평구 연서로13길 17,37.6097101493876,126.914113016264
0,-,토스트,이삭토스트,이삭토스트 보훈병원점,서울 강동구 명일로 117,37.5296118579399,127.142755553005
0,-,토스트,이삭토스트,이삭토스트 불광점,서울 은평구 통일로 796,37.616343199117,126.925757582129
0,-,토스트,이삭토스트,이삭토스트 서울외대후문점,서울 동대문구 천장산로 26-1,37.5986777799525,127.05815888211
0,-,토스트,이삭토스트,이삭토스트 방화역점,서울 강서구 금낭화로17길 23,37.5751061805991,126.810219501948
0,-,토스트,이삭토스트,이삭토스트 종로피카디리점,서울 종로구 돈화문로5가길 1,37.5710275098022,126.991230294263
0,-,토스트,이삭토스트,이삭토스트 동덕여대점,서울 성북구 화랑로13길 24,37.6045002268602,127.042344420961
0,-,토스트,이삭토스트,이삭토스트 서울건국대점,서울 광진구 광나루로24길 22,37.5452962897542,127.076443209768
0,-,토스트,이삭토스트,이삭토스트 화양점,서울 광진구 능동로13길 21,37.542990776489,127.070718066762
0,-,토스트,이삭토스트,이삭토스트 묵동점,서울 중랑구 공릉로2길 28,37.6119535954946,127.079480468924
0,-,토스트,이삭토스트,이삭토스트 서강대점,서울 마포구 백범로 17,37.5531425953883,126.937417855277
0,-,토스트,이삭토스트,이삭토스트 광운대점,서울 노원구 석계로13길 23,37.6202140193665,127.061566548355
0,-,토스트,이삭토스트,이삭토스트 시흥사거리점,서울 금천구 시흥대로 232,37.4546052385051,126.900945488679
0,-,토스트,이삭토스트,이삭토스트 구파발역점,서울 은평구 진관3로 21,37.6396025010646,126.919014455213
0,-,토스트,이삭토스트,이삭토스트 서울총신대점,서울 동작구 사당로14길 6,37.4837365356547,126.972018761501
0,-,토스트,이삭토스트,이삭토스트 마들역점,서울 노원구 동일로 1538,37.666237439247,127.057864959178
0,-,토스트,이삭토스트,이삭토스트 가산W몰점,서울 금천구 디지털로 188,37.4773272277866,126.887676153817
0,-,토스트,이삭토스트,이삭토스트 광나루점,서울 광진구 광장로 47,37.547038205739,127.102469438926
0,-,토스트,이삭토스트,이삭토스트 서울장승배기점,서울 동작구 상도로 168,37.5040270862582,126.937893954421
0,-,토스트,이삭토스트,이삭토스트 우림시장점,서울 중랑구 용마공원로 3,37.5951752287318,127.100560278724
0,-,토스트,이삭토스트,이삭토스트 세종대점,서울 광진구 군자로 107-1,37.5527554045388,127.071820394149
0,-,토스트,이삭토스트,이삭토스트 구일점,서울 구로구 구일로4길 30,37.4918751361412,126.876446827824
0,-,토스트,이삭토스트,이삭토스트 만리시장점,서울 용산구 효창원로 240-1,37.5486382054906,126.963563757532
0,-,토스트,이삭토스트,이삭토스트 제기동점,서울 동대문구 제기로20길 32,37.5851889499995,127.041483209904
0,-,토스트,이삭토스트,이삭토스트 면목역점,서울 중랑구 겸재로 178,37.588145366552,127.08738753664
0,-,토스트,이삭토스트,이삭토스트 서울역촌점,서울 은평구 갈현로 85,37.6055855770269,126.910326740369
0,-,토스트,이삭토스트,이삭토스트 대치은마점,서울 강남구 삼성로 212,37.4996157705058,127.065915414443
0,-,토스트,이삭토스트,이삭토스트 수락산점,서울 노원구 동일로 1701,37.6803078379984,127.054886397111
0,-,토스트,이삭토스트,이삭토스트 밀리오레점,서울 중구 장충단로13길 43,37.5680943778524,127.006460574612
0,-,토스트,이삭토스트,이삭토스트 오금점,서울 송파구 양재대로72길 14,37.5092533746235,127.128364731108
0,-,토스트,이삭토스트,이삭토스트 자양2동점,서울 광진구 자양로3길 59,37.5295704307029,127.08346987667
0,-,토스트,이삭토스트,이삭토스트 서울중앙대점,서울 동작구 흑석로 101,37.5077478063551,126.960583855519
0,-,토스트,이삭토스트,이삭토스트 경리단길점,서울 용산구 녹사평대로54길 24,37.5390108638821,126.988513955095
0,-,토스트,이삭토스트,이삭토스트 아현역점,서울 서대문구 신촌로35길 10,37.5586416507778,126.955972779768
0,-,토스트,이삭토스트,이삭토스트 서울국악예고점,서울 금천구 시흥대로39길 16,37.4472942899152,126.902308538699
0,-,토스트,이삭토스트,이삭토스트 서울길음뉴타운점,서울 성북구 길음로7길 6,37.6043318094969,127.022383796778
0,-,토스트,이삭토스트,이삭토스트 은행사거리점,서울 노원구 한글비석로 264,37.6511587125973,127.077337907538
0,-,토스트,이삭토스트,이삭토스트 가락2호점,서울 송파구 동남로18길 16,37.4945655272464,127.132142288065
0,-,토스트,이삭토스트,이삭토스트 서울시립대점,서울 동대문구 서울시립대로 160,37.5834168787586,127.05454674953
0,-,토스트,이삭토스트,이삭토스트 신림남강점,서울 관악구 난곡로34길 7,37.4726541817785,126.919798718229
0,-,토스트,이삭토스트,이삭토스트 강남수서점,서울 강남구 광평로 280,37.4873191631489,127.103108072457
0,-,토스트,이삭토스트,이삭토스트 개포동역점,서울 강남구 개포로 512,37.4893072141263,127.068842082027
0,-,토스트,이삭토스트,이삭토스트 문정역점,서울 송파구 송파대로 167,37.4846614982049,127.120933640924
0,-,토스트,이삭토스트,이삭토스트 성공회대점,서울 구로구 경인로 18,37.4890722571031,126.824888214231
0,-,토스트,이삭토스트,이삭토스트 목2단지점,서울 양천구 목동동로 379,37.5356098520363,126.878713495139
0,-,토스트,이삭토스트,이삭토스트 일원점,서울 강남구 양재대로33길 25,37.4910937753917,127.082425639248
0,-,토스트,이삭토스트,이삭토스트 구로중앙유통점,서울 구로구 경인로53길 15,37.5020321024364,126.876117278882
0,-,토스트,이삭토스트,이삭토스트 서울경기대점,서울 서대문구 경기대로 59,37.5643883649879,126.963575216504
0,-,토스트,이삭토스트,이삭토스트 남대문점,서울 중구 남대문로 2-3,37.5602597388671,126.97636958076
0,-,토스트,이삭토스트,이삭토스트 신반포점,서울 서초구 신반포로15길 29,37.5054705759651,126.99469582286
0,-,토스트,이삭토스트,이삭토스트 구로역점,서울 구로구 구로중앙로 174,37.5024345090279,126.881491595821
0,-,토스트,이삭토스트,이삭토스트 휘경SDA점,서울 동대문구 망우로18가길 5-9,37.5889633567568,127.062603745838
0,-,토스트,이삭토스트,이삭토스트 창동하나로클럽점,서울 도봉구 마들로11길 20,37.655110585923,127.050831341385
0,-,토스트,이삭토스트,이삭토스트 불광NC점,서울 은평구 불광로 20,37.6097357749976,126.928938477038
0,-,토스트,이삭토스트,이삭토스트 숭의여대점,서울 중구 퇴계로20길 18,37.5594412440188,126.985730907248
0,-,토스트,이삭토스트,이삭토스트 강동구청역점,서울 강동구 천호옛길 14,37.53071555846,127.121431312775
0,-,토스트,이삭토스트,이삭토스트 경복고점,서울 종로구 자하문로 83,37.5834263206069,126.970080600326
0,-,토스트,이삭토스트,이삭토스트 서울여대점,서울 노원구 노원로1길 67,37.6208254563305,127.083635681247
0,-,토스트,이삭토스트,이삭토스트 월곡점,서울 성북구 오패산로 51,37.6067496959054,127.036508171518
0,-,기업,이삭토스트,이삭토스트 서울사업본부,서울 송파구 중대로 97,37.4931694615767,127.11931720685
